Reorder_TOM,Area
Alameda,Bay Area
Amador,North Central Valley
Butte,North Central Valley
Contra Costa,Bay Area
El Dorado,North Central Valley
Fresno,South San Joaquin Valley
Humboldt,Far North
Kern,South San Joaquin Valley
Kings,South San Joaquin Valley
Lake,Far North
Los Angeles,Southern California
Madera,South San Joaquin Valley
Marin,Bay Area
Mariposa,South San Joaquin Valley
Tuolumne,South San Joaquin Valley
Mendocino,Far North
Merced,South San Joaquin Valley
Monterey,Central Coast
Napa,Bay Area
Orange,Southern California
Placer,North Central Valley
Riverside,Southern California
Sacramento,North Central Valley
San Benito,North Central Valley
San Bernardino,Southern California
San Diego,Southern California
San Francisco,Bay Area
San Joaquin,North Central Valley
San Luis Obispo,Central Coast
San Mateo,Bay Area
Santa Barbara,Central Coast
Santa Clara,Bay Area
Santa Cruz,Central Coast
Shasta,Far North
Siskiyou,Far North
Solano,Bay Area
Sonoma,Bay Area
Stanislaus,South San Joaquin Valley
Sutter,North Central Valley
Tehama,North Central Valley
Tulare,South San Joaquin Valley
Ventura,Central Coast
Yolo,North Central Valley
Yuba,North Central Valley
California SFH,State/Region/Area
California Condos,State/Region/Area
Los Angeles Metropolitan Area,State/Region/Area
Inland Empire,State/Region/Area
San Francisco Bay Area,State/Region/Area
United States,State/Region/Area
